API,# Pattern Detected
API,# Pattern Detected
Toon,22
API,# Pattern Detected
API,# Pattern Detected
API,# Pattern Detected
API,# Pattern Detected
API,# Pattern Detected
Toon,22
API,# Pattern Detected
API,# Pattern Detected
Toon,22
API,# Pattern Detected
thethings.iO,29
API,# Pattern Detected
API,# Pattern Detected
API,# Pattern Detected
API,# Pattern Detected
API,# Pattern Detected
API,# Pattern Detected
API,# Pattern Detected
API,# Pattern Detected
API,# Pattern Detected
Toon,22
API,# Pattern Detected
API,# Pattern Detected
Toon,22
API,# Pattern Detected
Toon,22
API,# Pattern Detected
Toon,22
API,# Pattern Detected
API,# Pattern Detected
API,# Pattern Detected
Toon,22
API,# Pattern Detected
Toon,0
API,# Pattern Detected
Toon,0
API,# Pattern Detected
Toon,0
API,# Pattern Detected
Toon,0
API,# Pattern Detected
Toon,0
API,# Pattern Detected
Toon,1
API,# Pattern Detected
Toon,1
API,# Pattern Detected
Toon,1
API,# Pattern Detected
Toon,1
API,# Pattern Detected
Toon,1
API,# Pattern Detected
Toon,2
API,# Pattern Detected
Toon,2
API,# Pattern Detected
Toon,2
API,# Pattern Detected
Toon,2
API,# Pattern Detected
Toon,2
API,# Pattern Detected
Toon,2
API,# Pattern Detected
Toon,1
API,# Pattern Detected
Toon,21
API,# Pattern Detected
Toon,21
API,# Pattern Detected
Toon,0
API,# Pattern Detected
Toon,0
API,# Pattern Detected
Toon,0
API,# Pattern Detected
Toon,0
API,# Pattern Detected
Toon,0
API,# Pattern Detected
Toon,1
API,# Pattern Detected
Toon,23
API,# Pattern Detected
Toon,23
API,# Pattern Detected
Toon,0
API,# Pattern Detected
API,# Pattern Detected
API,# Pattern Detected
API,# Pattern Detected
API,# Pattern Detected
API,# Pattern Detected
API,# Pattern Detected
API,# Pattern Detected
API,# Pattern Detected
Toon,23
API,# Pattern Detected
API,# Pattern Detected
API,# Pattern Detected
Toon,23
API,# Pattern Detected
API,# Pattern Detected
API,# Pattern Detected
API,# Pattern Detected
Twitter,0
API,# Pattern Detected
API,# Pattern Detected
API,# Pattern Detected
API,# Pattern Detected
API,# Pattern Detected
API,# Pattern Detected
API,# Pattern Detected
Bitly,0
API,# Pattern Detected
API,# Pattern Detected
API,# Pattern Detected
Disqus,0
API,# Pattern Detected
API,# Pattern Detected
API,# Pattern Detected
API,# Pattern Detected
API,# Pattern Detected
API,# Pattern Detected
API,# Pattern Detected
API,# Pattern Detected
API,# Pattern Detected
API,# Pattern Detected
API,# Pattern Detected
API,# Pattern Detected
API,# Pattern Detected
Bitly,0
API,# Pattern Detected
Bitly,0
API,# Pattern Detected
Twitter,0
API,# Pattern Detected
Twitter,0
API,# Pattern Detected
Twitter,0
API,# Pattern Detected
Bitly,15
API,# Pattern Detected
Twitter,56
API,# Pattern Detected
API,# Pattern Detected
API,# Pattern Detected
API,# Pattern Detected
API,# Pattern Detected
API,# Pattern Detected
Bitly,8
API,# Pattern Detected
API,# Pattern Detected
API,# Pattern Detected
Twitter,0
API,# Pattern Detected
Twitter,0
API,# Pattern Detected
API,# Pattern Detected
API,# Pattern Detected
Twitter,0
API,# Pattern Detected
Disqus,0
API,# Pattern Detected
Twitter,0
API,# Pattern Detected
Twitter,0
API,# Pattern Detected
Twitter,56
API,# Pattern Detected
Bitly,6
API,# Pattern Detected
Disqus,35
API,# Pattern Detected
API,# Pattern Detected
API,# Pattern Detected
API,# Pattern Detected
API,# Pattern Detected
API,# Pattern Detected
API,# Pattern Detected
API,# Pattern Detected
API,# Pattern Detected
API,# Pattern Detected
API,# Pattern Detected
API,# Pattern Detected
API,# Pattern Detected
API,# Pattern Detected
API,# Pattern Detected
API,# Pattern Detected
API,# Pattern Detected
API,# Pattern Detected
API,# Pattern Detected
API,# Pattern Detected
API,# Pattern Detected
API,# Pattern Detected
API,# Pattern Detected
API,# Pattern Detected
API,# Pattern Detected
API,# Pattern Detected
API,# Pattern Detected
API,# Pattern Detected
API,# Pattern Detected
API,# Pattern Detected
API,# Pattern Detected
API,# Pattern Detected
API,# Pattern Detected
API,# Pattern Detected
API,# Pattern Detected
API,# Pattern Detected
API,# Pattern Detected
Twitter,56
API,# Pattern Detected
Bitly,6
API,# Pattern Detected
Disqus,32
API,# Pattern Detected
Imgur,24
API,# Pattern Detected
Twitter,50
API,# Pattern Detected
Bitly,6
API,# Pattern Detected
Disqus,30
API,# Pattern Detected
Imgur,24
API,# Pattern Detected
Facebook,17
API,# Pattern Detected
Github,20
API,# Pattern Detected
Nasa,9
API,# Pattern Detected
Spotify,27
API,# Pattern Detected
StackExchange,30
API,# Pattern Detected
Vimeo,54
API,# Pattern Detected
API,# Pattern Detected
API,# Pattern Detected
